square_feet,bedrooms,bathrooms,age_years,location_score,price_usd
1250,3,2.0,15,7.2,275000
2100,4,2.5,5,8.5,495000
980,2,1.0,30,6.0,185000
3200,5,3.5,2,9.0,780000
1450,3,2.0,20,5.5,240000
1780,3,2.0,8,7.8,365000
2600,4,2.5,12,7.0,455000
850,2,1.0,40,5.0,148000
1950,3,2.0,18,6.8,310000
3100,5,3.0,3,9.2,725000
1680,3,2.0,10,8.0,350000
2200,4,2.5,6,8.8,490000
1100,2,1.0,25,6.5,205000
2750,4,3.0,9,7.5,510000
1350,3,1.5,22,5.8,225000
3500,5,4.0,1,9.5,890000
1900,4,2.0,14,7.3,380000
800,1,1.0,50,4.5,125000
2400,4,2.5,7,8.2,470000
1550,3,2.0,19,6.2,260000
2900,5,3.5,4,8.9,650000
1200,3,1.5,28,5.3,195000
2050,4,2.0,11,7.6,415000
3300,5,4.0,2,9.3,810000
1400,3,2.0,21,5.9,235000
1850,3,2.0,13,7.4,340000
2700,4,3.0,8,8.1,530000
950,2,1.0,35,5.1,170000
3050,5,3.5,3,9.1,695000
1650,3,2.0,16,6.9,295000
2250,4,2.5,6,8.7,505000
1050,2,1.0,27,6.3,198000
2800,4,3.0,10,7.7,540000
1300,3,1.5,24,5.6,215000
3400,5,4.0,2,9.4,850000
1750,3,2.0,17,7.1,320000
780,1,1.0,55,4.2,110000
2500,4,2.5,7,8.3,485000
1500,3,2.0,20,6.1,250000
2950,5,3.5,4,8.8,660000
1150,2,1.0,30,5.4,188000
2000,4,2.0,12,7.5,400000
3150,5,4.0,2,9.2,740000
1380,3,1.5,23,5.7,220000
1820,3,2.0,14,7.2,355000
2650,4,3.0,9,8.0,520000
920,2,1.0,38,4.9,160000
3000,5,3.5,3,9.0,680000
1600,3,2.0,18,6.7,285000
2300,4,2.5,5,8.6,515000
1080,2,1.0,29,6.4,202000
2850,4,3.0,11,7.8,545000
1280,3,1.5,26,5.5,210000
3550,5,4.0,1,9.6,880000
1700,3,2.0,16,7.0,310000
820,1,1.0,48,4.4,135000
2450,4,2.5,7,8.4,478000
1480,3,2.0,21,6.0,245000
2880,5,3.5,5,8.7,635000
1180,2,1.0,31,5.2,192000
1980,4,2.0,13,7.4,395000
3250,5,4.0,2,9.3,800000
1420,3,1.5,22,5.8,230000
1880,3,2.0,15,7.3,360000
2720,4,3.0,9,8.2,535000
980,2,1.0,36,5.0,175000
3080,5,3.5,4,9.1,700000
1630,3,2.0,17,6.8,290000
2280,4,2.5,6,8.5,510000
1120,2,1.0,28,6.2,200000
2820,4,3.0,10,7.9,550000
1320,3,1.5,25,5.6,218000
3450,5,4.0,2,9.5,860000
1720,3,2.0,18,7.0,315000
840,1,1.0,52,4.3,128000
2550,4,2.5,8,8.3,490000
1520,3,2.0,19,6.2,255000
2980,5,3.5,4,8.9,670000
1130,2,1.0,32,5.3,190000
2030,4,2.0,12,7.6,410000
3180,5,4.0,2,9.3,760000
1360,3,1.5,24,5.7,225000
1860,3,2.0,14,7.4,370000
2680,4,3.0,8,8.1,525000
940,2,1.0,39,4.8,165000
3030,5,3.5,3,9.0,690000
1620,3,2.0,17,6.9,295000
2350,4,2.5,5,8.7,520000
1090,2,1.0,30,6.3,200000
2870,4,3.0,11,7.8,548000
1290,3,1.5,27,5.5,212000
3580,5,4.0,1,9.7,890000
1710,3,2.0,16,7.1,320000
830,1,1.0,49,4.3,130000
2470,4,2.5,7,8.4,480000
1490,3,2.0,20,6.1,248000
2920,5,3.5,5,8.8,640000
1170,2,1.0,33,5.2,195000
2020,4,2.0,11,7.5,405000
